actual,prediction,probability_team1_wins
0,1,0.5355893389260629
1,0,0.43602524580607527
1,1,0.6754831167695571
1,0,0.3762122099488691
0,0,0.471367342846136
0,1,0.7882596473722477
0,0,0.3152917506367168
1,1,0.5826175289974691
1,1,0.5799423111691729
0,0,0.3080206085369545
1,0,0.4326861519716057
0,0,0.26845620761630085
0,1,0.800003425608958
0,0,0.4167498411933375
0,1,0.6597855832142043
0,0,0.4614911421510816
0,0,0.3551943841870324
0,0,0.35089446784950595
1,0,0.3218144246043719
0,1,0.9493588594407152
1,1,0.609799869343691
1,0,0.4998224307167512
1,0,0.46478852982416324
0,1,0.5154088835881092
1,0,0.4189323096458654
1,1,0.5558253795090725
0,0,0.43592736030470186
1,0,0.1292473243293194
1,0,0.25257769734747426
1,0,0.48500402854619523
0,0,0.4023915348183834
1,1,0.5900554199475655
0,0,0.38215173100027966
0,0,0.48967553610293935
1,0,0.2778002096521371
0,0,0.4369889704672888
1,1,0.5690830621450345
0,1,0.6267361142365181
1,1,0.8348019987817967
0,0,0.4605230919835194
1,1,0.5979448648847516
0,0,0.436909218859461
0,1,0.7360730723578585
0,1,0.5233936770422981
0,1,0.6031456831873144
1,1,0.5674448951570508
1,0,0.41348391462639555
0,1,0.6955409790033974
1,1,0.7609135588180733
1,1,0.6715650501842981
1,0,0.33643516814494856
1,0,0.4704648895363966
0,1,0.6913595601928939
1,1,0.51589109129622
1,1,0.6073361151103266
1,1,0.8270286737948008
0,1,0.524171526912618
1,0,0.27973875925845
1,1,0.7410682869562542
1,1,0.8050879863772107
0,1,0.6869669112808938
0,0,0.32193006677523167
1,1,0.6728165112160177
1,1,0.6110122156718429
1,1,0.7051602358636132
1,0,0.4116682140854552
1,0,0.47042926340650026
1,0,0.3377081208447176
0,1,0.6573691660294302
0,1,0.6519226068686907
1,1,0.6191090931860248
1,1,0.6817174574862801
1,0,0.47696767791647837
0,1,0.5964101363776565
1,1,0.6330062548700593
1,0,0.43584666663271804
1,1,0.5742214739705335
1,1,0.5737575147039975
0,1,0.7217764019024392
0,0,0.309765574367714
0,1,0.5311935181325733
1,0,0.28369213893643846
1,1,0.7979097298070549
1,1,0.8090847370626143
0,0,0.3191916138613263
0,1,0.511018146352413
1,1,0.5806092784256015
0,0,0.31956811944268004
0,1,0.5319239443670368
0,0,0.4175988983634313
1,0,0.2904211934358105
1,1,0.548288513170595
0,1,0.5690441654682645
0,0,0.3136511173238414
0,0,0.34175066669140514
0,1,0.7046546071368198
1,1,0.5205916261948567
1,1,0.5098290154140594
0,1,0.7198884084506495
0,1,0.649903307525168
0,1,0.6779937890993382
0,1,0.5793800203146782
1,1,0.5467552343178327
0,1,0.6673578339756064
1,0,0.29598277267116996
0,1,0.7144103190098304
1,0,0.3258854421494571
1,0,0.40874242520114323
0,1,0.5758303222059376
1,1,0.5435456590743711
0,0,0.29669592505678566
0,0,0.33137428955763104
0,0,0.3942078957957618
1,0,0.46622279787974263
1,1,0.8596997295778369
0,1,0.7205284142390366
0,0,0.2309417480822525
0,0,0.46565180250973204
0,1,0.6513728080700376
1,0,0.48269166422833365
1,1,0.7692451150544725
0,0,0.3903496170193765
0,0,0.17707856828188678
1,1,0.5995743262809594
1,1,0.6762850276393152
1,1,0.7901434508392253
0,0,0.3987674301336599
1,1,0.7580744575736095
0,0,0.35016927235986606
0,1,0.5712253778036434
0,0,0.4517092384005414
0,0,0.45249193513528685
1,0,0.39242160604076337
1,1,0.7380831064880302
1,1,0.5112676676026735
1,0,0.42135864209520135
1,1,0.5122225521092246
1,1,0.512378276210988
1,0,0.4733396890575556
0,0,0.3006115353638233
0,1,0.5417902300692417
0,1,0.6787313354477216
0,1,0.5915925783974323
0,1,0.644027639032944
0,0,0.47078789904646773
1,0,0.39913794107913864
1,0,0.24731814393558282
0,1,0.9196528744298758
1,0,0.3342221890418723
1,1,0.5896551459569994
1,1,0.6769021249992365
1,0,0.4010948980472747
0,1,0.5402936194013946
0,0,0.4773850383188362
1,0,0.245220609728512
1,0,0.4628368424324331
1,1,0.5371199234044248
0,1,0.667598666012649
0,1,0.6382764176341273
1,1,0.5187732060644967
0,0,0.3989035307178866
1,0,0.30022564376572264
0,0,0.3297261705042085
1,1,0.6264834383682713
0,1,0.6429863395056677
1,1,0.5702687550632765
0,0,0.46668394985559786
1,0,0.2430401951987147
0,1,0.5960313182211711
0,1,0.6427911895223066
0,1,0.5640251262780314
1,1,0.5365014904409945
1,0,0.4865698669453056
0,0,0.306466406252685
0,1,0.6923636126782838
1,0,0.4936055433061192
0,1,0.5480162235468498
1,1,0.6895868952292618
0,1,0.6016486438307375
1,1,0.5475958223903457
1,1,0.6591539221027148
1,1,0.6362769376925832
1,0,0.2719653446641845
1,0,0.48401171677179045
1,0,0.27641007498767306
0,1,0.5136667401247537
0,0,0.24768143925248326
1,0,0.3310007640417745
0,0,0.45962737454820835
1,1,0.7511934061432151
1,0,0.19196029260665723
1,0,0.3808976869263929
0,1,0.7360628497896105
1,0,0.45496919217904247
0,0,0.4055812966959225
1,1,0.7079367073884466
0,0,0.21879053710788965
0,0,0.4105977275687155
1,0,0.4806709002434859
1,1,0.6924432768432097
0,0,0.4807523251440287
0,1,0.6513162670860978
1,1,0.6112860474647616
0,1,0.5930683135428882
0,1,0.5336783689912528
0,0,0.19672963520184455
0,0,0.48984793289861905
1,1,0.7358414799465773
0,0,0.30115213177893074
1,1,0.5853725050933898
0,1,0.7533416424443927
0,0,0.48600432432033625
1,0,0.44629629627656925
1,0,0.42277683238376257
0,1,0.6988506754506104
1,1,0.5445927942653035
0,0,0.2826512381386962
0,0,0.36379947110482597
